Date Added,Event ID,Event Title,Venue / Organization,Event Date,Category,City,Image File,Status
,12,July 4th Celebration & Drone Show — Springettsbury Park,Springettsbury Township Park Amphitheater,"Friday, July 3, 2026",festival,York,July%204th%20drone%20show.jpg,expired
,13,First Friday — Downtown York,Downtown York,"Friday, July 3, 2026",community,,,expired
,14,York State Fair 2026,York Expo Center,"July 24–August 2, 2026",festival,York,,live
,17,July Music Series at Reservoir Park,Reservoir Park Bandshell,"Sundays in July (5, 6, 13, 19, 26)",music,Harrisburg,,split
,18,Joe Russo's Almost Dead at Riverfront Park,Riverfront Park,"Sunday, July 19, 2026",music,Harrisburg,,live
,19,Lake Street Dive with The Dip,Riverfront Park,"Friday, July 31, 2026",music,Harrisburg,,live
,21,Sweet Summer Festival at Cherry Crest,Cherry Crest Adventure Farm,"Saturday, July 4, 2026",family,Ronks,sweet-summer.jpg,expired
,22,Washington Boro Tomato Festival,Washington Boro Community Park,"July 11 & July 18, 2026",food,Lancaster County,,expired
,23,Lancaster International Piano Festival,Franklin & Marshall College,"July 17 & July 27, 2026",music,Lancaster,,live
,24,Highland Cow Festival at Cherry Crest,Cherry Crest Adventure Farm,"Saturday, July 18, 2026",family,Ronks,highland-cows.jpg,live
,25,Pennsylvania Renaissance Faire,Mount Hope Estate & Winery,"Aug 15 – Oct 25, 2026 (weekends)",festival,Manheim,,live
,26,Long's Park Art Festival,Long's Park,"Sept 4–6, 2026 (Labor Day Weekend)",festival,Lancaster,,live
,27,Tailgate Festival at Kitchen Kettle Village,Kitchen Kettle Village,"Sept 18–19, 2026",festival,Intercourse,,live
,28,Cider Donut Fall Festival at Cherry Crest,Cherry Crest Adventure Farm,"Saturday, September 26, 2026",food,Ronks,,live
,29,Landis Valley Museum Harvest Days,Landis Valley Village & Farm Museum,"October 3–4, 2026",community,Lancaster,,live
,32,York Revolution Fireworks Night,PeoplesBank Park,"Friday, July 3, 2026",family,York,,expired
,33,Mason Dixon Fair,Mason Dixon Fairgrounds,"July 6–11, 2026",festival,York County,,expired
,34,Smoke on the Rail BBQ Festival,New Freedom,"July 24–26, 2026",food,York County,,live
,35,Fall Native Plant Sale — York County Arboretum,York County Arboretum,"Saturday, September 12, 2026",outdoors,York,,live
,36,Wild & Uncommon Weekend (Pawpaw Fest),Horn Farm Center & Lower Susquehanna Riverlands,"Sept 17–20, 2026",outdoors,York,,live
,37,Enchanted Fairy Festival,Springettsbury Township Park,"Saturday, September 19, 2026",family,York,,live
,38,Yorktoberfest,Bob Hoffman Fields,"Sunday, October 18, 2026",food,,,live
,39,York Halloween Parade,Downtown York,"Friday, October 30, 2026",community,,,live
,40,Harrisburg Senators Fireworks Night,FNB Field,"Friday, July 3, 2026",family,Harrisburg,,expired
,41,Slightly Stoopid at Riverfront Park,Riverfront Park,"Thursday, August 13, 2026",music,Harrisburg,,live
,42,Dauphin County CulturalFest,Riverfront Park,August 2026 (date TBA),festival,Harrisburg,,live
,43,Fort Hunter Day,Fort Hunter Mansion & Park,"Sunday, September 20, 2026",community,Harrisburg,,live
,44,Kipona Festival,Riverfront Park,"September 5–7, 2026",festival,Harrisburg,,live
,45,Dauphin County Jazz & Wine Festival,Fort Hunter Park,"September 12–13, 2026",music,Harrisburg,,live
,46,Rainbow Kitten Surprise at Riverfront Park,Riverfront Park,"Tuesday, September 15, 2026",music,Harrisburg,,live
,47,Harrisburg Restaurant Week,Restaurants citywide,"Sept 14–18 & Sept 21–25, 2026",food,,,live
,48,Pennsylvania National Horse Show,PA Farm Show Complex,Late October 2026,family,Harrisburg,,live
,49,Hersheypark in the Dark,Hersheypark,"Sept 26 – Nov 1, 2026 (weekends)",family,Hershey,,live
2026-06-10,52,July 4th Food Truck Festival — Harrisburg,Riverfront Park,"Saturday, July 4, 2026",food,Harrisburg,,expired
2026-06-10,53,Tiny Park Concert Series — Coronet Park,Coronet Park,"2nd Fridays: July 10, Aug 14, Sept 11",music,Harrisburg,,split
2026-06-10,54,Son Little at Appell Center,Appell Center — Strand Theatre,"Friday, July 10, 2026",music,York,,expired
2026-06-10,55,Herb Alpert & The Tijuana Brass at Appell Center,Appell Center — Strand Theatre,"Saturday, August 1, 2026",music,York,,live
2026-06-10,56,Lancaster Craft Beerfest,Ewell Plaza & Binns Park,"Saturday, August 22, 2026",food,Lancaster,,live
2026-06-10,59,Dauphin County BrewFest,Fort Hunter Mansion & Park,"Saturday, July 18, 2026",food,Harrisburg,,live
2026-06-10,62,"Dear Jack, Dear Louise — The Belmont Theatre",The Belmont Theatre,"July 24 – 26, 2026",school,York,,draft
2026-06-10,66,MLB All-Star Game 2026 — Philadelphia,Citizens Bank Park,"Tuesday, July 14, 2026",community,Philadelphia,,expired
2026-06-10,67,53rd Annual Elizabethtown Fair,Elizabethtown Fairgrounds,"August 24 – 29, 2026",festival,Elizabethtown,,live
2026-06-10,69,Summer Nationals Basketball — Spooky Nook,Spooky Nook Sports,"August 15 – 16, 2026",school,Manheim,,live
2026-06-12,71,Blueberry Festival & Craft Show — Mt. Airy Orchards,Mt. Airy Orchards,"Sunday, July 12, 2026",food,Dillsburg,,expired
2026-06-12,72,Live Music Nights at Plain & Fancy Farm,Plain & Fancy Farm (Smokehouse at Plain & Fancy),"3rd Thursdays: July 16 & August 20, 2026",music,Bird in Hand,,live
2026-06-12,73,The String Cheese Incident at Riverfront Park,Riverfront Park,"Wednesday, August 5, 2026",music,Harrisburg,,live
2026-06-12,74,Celebrate Lancaster,"North Queen Street, Downtown Lancaster","Friday, August 14, 2026",community,Lancaster,,live
2026-06-12,76,First Friday — Downtown Lancaster City,Gallery Row & Downtown Lancaster,"Friday, July 3, 2026",community,Lancaster,,expired
2026-06-12,77,Gettysburg 163rd Anniversary Battle Reenactment,Daniel Lady Farm,"July 3–5, 2026",heritage,Gettysburg,,expired
2026-06-12,78,A Gettysburg Fourth — 250th Anniversary Celebration,Gettysburg Rec Park,"Saturday, July 4, 2026",community,Gettysburg,,expired
2026-06-12,79,Freaky Friday The Musical — Dutch Apple Dinner Theatre,Dutch Apple Dinner Theatre,"July 10–August 4, 2026",family,Lancaster,,expired
2026-06-12,80,Lancaster ArtWalk,Downtown Lancaster City,"Friday, July 17, 2026",community,Lancaster,,live
2026-06-12,81,San Juan Bautista Hispanic Festival,San Juan Bautista Catholic Church,"July 22–25, 2026",heritage,Lancaster,,live
2026-06-12,82,Fat Bat Summer Blues Festival,Fat Bat Brewing Company,"Saturday, July 25, 2026",music,Hanover,,live
2026-06-13,86,America 250 Celebration at Penn Medicine Park,Penn Medicine Park (Lancaster Stormers),"Friday, July 3, 2026",festival,Lancaster,,expired
2026-06-13,87,Lititz Fourth of July Celebration,Lititz Springs Park,"Saturday, July 4, 2026",family,Lititz,,expired
2026-06-13,88,Gettysburg Bluegrass Festival (August),Granite Hill Camping Resort,"August 13–16, 2026",music,Gettysburg,,live
2026-06-17,90,Snack Town Street Fair,Hanover Center Square,"Saturday, July 11, 2026",community,Hanover,,expired
2026-06-17,91,Carlisle Chrysler Nationals,Carlisle Fairgrounds,"Friday–Sunday, July 10–12, 2026",community,Carlisle,,expired
2026-06-17,92,Greenfield Summer Concert Series,Greenfield — Calvin G. High Pavilion Lawn,"Thursday, July 16 & Thursday, August 13, 2026",music,Lancaster,,split
2026-06-17,93,Thomas Rhett & Niall Horan LIVE,Hersheypark Stadium,"Saturday, July 18, 2026",music,Hershey,,live
2026-06-17,94,Guns N' Roses: World Tour 2026,Hersheypark Stadium,"Saturday, August 1, 2026",music,Hershey,,live
2026-06-17,95,Ephrata Fair,Downtown Ephrata,"September 22–26, 2026",festival,Ephrata,,live
2026-06-17,96,Jason Isbell & the 400 Unit at Riverfront Park,Riverfront Park,"Sunday, September 27, 2026",music,Harrisburg,,live
2026-06-20,97,Three Dog Night at American Music Theatre,American Music Theatre,"Sunday, July 12, 2026",music,Lancaster,,expired
2026-06-20,98,Aaron Lewis and The Stateliners at American Music Theatre,American Music Theatre,"Thursday, July 16, 2026",music,Lancaster,,live
2026-06-20,99,Patty Griffin & Kathleen Edwards at American Music Theatre,American Music Theatre,"Saturday, July 18, 2026",music,Lancaster,,live
2026-06-20,100,Tommy James & The Shondells at American Music Theatre,American Music Theatre,"Friday, July 24, 2026",music,Lancaster,,live
2026-06-20,101,The Beach Boys: Saluting 60 Years of Pet Sounds,American Music Theatre,"Saturday, July 25, 2026",music,Lancaster,,live
2026-06-20,102,Craig Morgan at American Music Theatre,American Music Theatre,"Friday, August 7, 2026",music,Lancaster,,live
2026-06-20,103,The High Kings — Rocky Road to Dublin,Appell Center — Strand Theatre,"Saturday, August 15, 2026",music,York,,live
2026-06-20,104,Yorkfest Arts Festival,Colonial Courthouse & York County Rail Trail,"Saturday–Sunday, August 30–31, 2026",festival,,,live
2026-06-20,105,45th Annual Shippensburg Corn Festival,Downtown Shippensburg,"Saturday, August 29, 2026",community,Shippensburg,,live
2026-06-24,106,Long's Park Summer Music Series,Long's Park Amphitheater,"Sundays: July 5–August 30, 2026",music,Lancaster,,draft
2026-06-24,107,Tim McGraw: Pawn Shop Guitar Tour,Hersheypark Stadium,"Saturday, July 11, 2026",music,Hershey,,expired
2026-06-24,108,K-POP Icons,Appell Center — Strand Theatre,"Wednesday, July 15, 2026",music,York,,draft
2026-06-24,109,Five Finger Death Punch: 20th Anniversary Tour,Hersheypark Stadium,"Saturday, July 25, 2026",music,Hershey,,draft
2026-06-24,110,Music in the Vineyards — Nissley Vineyards,Nissley Vineyards Winery & Estate,Fridays & Saturdays in July 2026,food,Bainbridge,,draft
2026-06-24,111,Tyler Childers: Snipe Hunt,Hersheypark Stadium,"Friday, August 14, 2026",music,Hershey,,draft
2026-06-24,112,Kesha: The Freedom Tour,Hersheypark Stadium,"Saturday, August 15, 2026",music,Hershey,,draft
2026-06-24,113,Pitbull: I'm Back,Hersheypark Stadium,"Saturday, August 22, 2026",music,Hershey,,draft
2026-06-24,114,Iron Maiden: Run For Your Lives World Tour,Hersheypark Stadium,"Tuesday, September 15, 2026",music,Hershey,,draft
2026-06-24,115,Everclear at Appell Center,Appell Center — Strand Theatre,"Friday, September 25, 2026",music,York,,draft
2026-06-27,116,The Dolly Show — Dolly Parton Tribute at AMT,American Music Theatre,"Wednesday, July 15, 2026",music,Lancaster,,draft
2026-06-27,117,Eaglemania — World's Greatest Eagles Tribute,American Music Theatre,"Friday, July 17, 2026",music,Lancaster,,draft
2026-06-27,118,Jeremy Camp at American Music Theatre,American Music Theatre,"Friday, July 31, 2026",music,Lancaster,,draft
2026-06-27,119,Carlisle Truck Nationals,Carlisle Fairgrounds,"August 7–9, 2026",community,Carlisle,,draft
2026-06-27,120,Blue Öyster Cult at American Music Theatre,American Music Theatre,"Friday, August 21, 2026",music,Lancaster,,draft
2026-06-27,121,Corvettes at Carlisle,Carlisle Fairgrounds,"August 27–29, 2026",community,Carlisle,,draft
2026-06-27,122,East Petersburg Blues Festival,East Petersburg Civic Grounds & Community Park,"Saturday, August 29, 2026",music,East Petersburg,,draft
2026-06-27,123,Keyshia Cole at Riverfront Park,Riverfront Park,"Saturday, August 29, 2026",music,Harrisburg,,draft
2026-06-27,124,30th Annual Hanover Chili Cook Off,Moul Field,"Sunday, September 6, 2026",food,Hanover,,draft
2026-06-27,125,Dark Star Orchestra at Riverfront Park,Riverfront Park,"Friday, September 11, 2026",music,Harrisburg,,draft
2026-06-27,126,Choctoberfest — Hershey's Fall Chocolate Festival,ChocolateTowne Square Park,"Saturday, October 10, 2026",food,,,draft
2026-07-01,127,Rotary Club of Lititz Craft Show,Downtown Lititz,"Saturday, August 8, 2026",community,Lititz,,draft
2026-07-01,128,111th Annual Dillsburg Farmers Fair,Dillsburg Community Hall & Grounds,"October 12–17, 2026",heritage,Dillsburg,,draft
2026-07-01,129,Cumberland Ag Expo,Newville Lions Fairgrounds,"August 4–8, 2026",outdoors,Newville,,draft
2026-07-01,130,Perry County Community Fair,Perry County Fairgrounds,"August 15–19, 2026",family,Newport,,draft
2026-07-01,131,Patriotic Lawn Concert — Children of Gettysburg 1863,Children of Gettysburg 1863 (Rupp House),"Friday, July 17, 2026",heritage,Gettysburg,,draft
2026-07-01,132,Summer Celebration — 2nd Saturday Hanover,Downtown Hanover,"Saturday, August 8, 2026",community,Hanover,,draft
2026-07-01,133,Hanover Restaurant Week,Participating Downtown Hanover Restaurants,"August 8–22, 2026",food,,,draft
2026-07-01,134,49th Annual Red Lion Street Fair,Downtown Red Lion,"Saturday, August 8, 2026",community,Red Lion,,draft
2026-07-01,135,Sugar Rush — Sweet & Snack Expo,York Expo Center — Old Main,"Saturday, August 15, 2026",food,York,,draft
2026-07-01,136,What The Food Trucks — Labor Day Edition,Penn Park,"Sunday, September 6, 2026",food,York,,draft
2026-07-03,137,Wrightsville's America 250 Birthday Celebration,Wrightsville Riverfront Park,"Saturday, July 4, 2026",festival,Wrightsville,,expired
2026-07-03,138,Food Trucks and Flicks: How to Train Your Dragon,Cousler Park,"Friday, July 10, 2026",family,York,,expired
2026-07-03,139,Mechanicsburg Community Day,Soldiers & Sailors Memorial Park,"Saturday, August 1, 2026",family,Mechanicsburg,,draft
2026-07-03,140,Dear Soldier Boy — Bird-in-Hand Stage,Bird-in-Hand Stage,"Opens Tuesday, August 4, 2026",heritage,Bird-in-Hand,,live
2026-07-03,141,Lititz recCenter Triathlon & Bike/Run,Lititz recCenter,"Sunday, August 9, 2026",outdoors,Lititz,,live
2026-07-03,142,Concerts by the Creek — The Nobles & Improvement Movement,Thomas P. Grater Community Park,"Tuesday, August 11, 2026",music,Ephrata,,draft
2026-07-03,143,Shrewsbury Kickin' Ash Country Music Bash,Shrewsbury Volunteer Fire Company,"Saturday, August 15, 2026",music,Shrewsbury,,live
2026-07-03,144,Dogstar at Hershey Theatre,Hershey Theatre,"Tuesday, August 18, 2026",music,Hershey,,live
2026-07-03,145,The Wiggles: Tree of Wisdom Spectacular,Hershey Theatre,"Wednesday, August 19, 2026",family,Hershey,,live
2026-07-03,146,"Bird-in-Hand Half Marathon, 5K & Kids Fun Run",Bird-in-Hand,"Friday–Saturday, September 11–12, 2026",outdoors,Bird-in-Hand,,live
2026-07-08,147,Ephrata Fair,Uptown Ephrata,"Tuesday–Saturday, September 22–26, 2026",heritage,Ephrata,,live
2026-07-08,148,New Freedom Fest,Freedom Green,"Saturday, September 19, 2026",community,New Freedom,,live
2026-07-08,149,Oktoberfest Bites & Brews Stroll — 2nd Saturday Hanover,Downtown Hanover,"Saturday, September 12, 2026",food,Hanover,,draft
2026-07-08,150,"Corvette Parade, Park & Party",Downtown Carlisle (The Square),"Saturday, August 29, 2026",community,Carlisle,,draft
2026-07-08,151,Covered Bridge Classic,Lancaster County (multiple start locations),"Sunday, August 16, 2026",outdoors,Lititz,,live
2026-07-08,152,Tiffany's Pink Pedal Ride,Penn State Health Breast Center,"Saturday, August 8, 2026",outdoors,Hershey,,live
2026-07-08,153,New Holland Farmers Fair,Downtown New Holland,"Wednesday–Saturday, September 30 – October 3, 2026",heritage,New Holland,,live
2026-07-08,154,Glen Rock Fall Festival,Glen Rock,"Saturday, September 26, 2026",community,Glen Rock,,draft
2026-07-08,155,Lyn's Cars Against Cancer,Manheim Township Community Park,"Saturday, August 29, 2026",outdoors,Lancaster,,draft
2026-07-08,156,Shrewsbury Fireman's Fall Fest,Shrewsbury Volunteer Fire Company,"Saturday, October 3, 2026",festival,Shrewsbury,,live
2026-07-08,157,July Music Series at Reservoir Park — Gospel Night,Reservoir Park Bandshell,"Monday, July 13, 2026",music,Harrisburg,,expired
2026-07-08,158,July Music Series at Reservoir Park — Jazz Under the Stars ft. Najee,Reservoir Park Bandshell,"Sunday, July 19, 2026",music,Harrisburg,,live
2026-07-08,159,July Music Series at Reservoir Park — Latin Afro/Soul Night ft. Lakeside,Reservoir Park Bandshell,"Sunday, July 26, 2026",music,Harrisburg,,live
2026-07-08,160,Tiny Park Concert Series — Sons of Pitches,Coronet Park,"Friday, July 10, 2026",music,Harrisburg,,expired
2026-07-08,161,Tiny Park Concert Series — Le Ghast,Coronet Park,"Friday, August 14, 2026",music,Harrisburg,,live
2026-07-08,162,Tiny Park Concert Series — RalphReal & The Family Jam,Coronet Park,"Friday, September 11, 2026",music,Harrisburg,,live
2026-07-08,163,Greenfield Summer Concert Series — Sounds of Summer,Greenfield — Calvin G. High Pavilion Lawn,"Thursday, July 16, 2026",music,Lancaster,,live
2026-07-08,164,Greenfield Summer Concert Series — '70s Live!,Greenfield — Calvin G. High Pavilion Lawn,"Thursday, August 13, 2026",music,Lancaster,,live
2026-07-10,165,South Mountain Fair,South Mountain Fairgrounds,"July 21–25, 2026",festival,Biglerville,,live
2026-07-10,166,Gettysburg National 19th Century Base Ball Festival,Schroeder Family Farm,"July 18–19, 2026",heritage,Gettysburg,,live
2026-07-10,167,Peach Festival at Hollabaugh Bros.,Hollabaugh Bros. Fruit Farm & Market,"August 8–9, 2026",food,Biglerville,,live
2026-07-10,168,Dueling Decades Fest,Carlisle Fairgrounds,"Saturday, September 12, 2026",music,Carlisle,,live
2026-07-10,169,Whoopie Pie Festival,Hershey Farm Resort,"Saturday, September 12, 2026",food,Ronks,,live
2026-07-10,170,Pennsylvania Tea Festival,The Rosemary House & Sweet Remembrances Tea Room,"September 18–19, 2026",food,Mechanicsburg,,live
2026-07-10,171,Hummelstown Arts Festival,Historic Downtown Hummelstown,"Saturday, September 19, 2026",school,Hummelstown,,live
2026-07-10,172,L'Italia Festival,Downtown Lititz (E. Main Street),"Saturday, September 19, 2026",heritage,Lititz,,live
2026-07-10,173,The Denver Fair,Denver Memorial Park,"September 15–19, 2026",festival,Denver,,live
2026-07-10,174,Lititz Craft Beer Fest,TAIT,"Saturday, September 26, 2026",food,Lititz,,live
2026-07-10,175,Flower Festival at Cherry Crest Adventure Farm,Cherry Crest Adventure Farm,"Saturday, September 5, 2026",family,Ronks,,draft
2026-07-10,176,Bird-in-Hand Hot Air Balloon Festival,Bird-in-Hand Event Field,"September 25–26, 2026",festival,Bird-in-Hand,,draft
2026-07-10,177,Upper Allen Township Fall Festival,Winding Hill Park North,"Friday, September 25, 2026",community,Mechanicsburg,,draft
2026-07-15,66,MLB All-Star Game 2026 — Philadelphia,Citizens Bank Park,"Tuesday, July 14, 2026",community,Philadelphia,,expired
2026-07-15,178,Saturday in the Park — Springettsbury Township,Springettsbury Township Park,"Saturday, August 2, 2026",family,York,,live
2026-07-15,179,Servant Stage: Joseph and the Amazing Technicolor Dreamcoat (Preview),Historic Ephrata Cloister — Amphitheater,"Wednesday, July 29, 2026",heritage,Ephrata,,live
2026-07-15,180,Olde Time Festival — Lisburn Community Fire Company,Lisburn Community Fire Company Fairgrounds,"August 5–8, 2026",festival,Mechanicsburg,,draft
2026-07-15,181,Cumberland Valley Fly Fishing & Outdoor Festival,TCO Boiling Springs & Children's Lake Park,"August 8–9, 2026",outdoors,Boiling Springs,,live
2026-07-15,182,Music in the Gardens — Hershey Gardens,Hershey Gardens — PNC Terrace,"Thursday, August 13, 2026",music,Hershey,,draft
2026-07-15,183,Run Wild for Wildwood 5K/10K,Wildwood Park,"Saturday, August 22, 2026",outdoors,Harrisburg,,live
2026-07-15,184,Brew Kids on the Block,Gift Horse Brewing Company,"Saturday, August 22, 2026",food,York,,live
